{"cameraMode":{"drawMode":0,"name":"Shaded","section":"Shading Mode"},"sceneLighting":true,"audioPlay":false,"sceneViewState":{"showFog":false,"showMaterialUpdate":false,"showSkybox":false,"showFlares":false,"showImageEffects":false,"showParticleSystems":false},"in2DMode":false,"pivot":{"x":-5.641390323638916,"y":14.498374938964844,"z":-28.774267196655275},"rotation":{"x":0.3133176267147064,"y":-0.11190716922283173,"z":0.037206996232271197,"w":0.9423090219497681},"size":1.983080267906189,"orthographic":true}